{
  "model_name": "xgboost",
  "trained_on": "2026-07-19T18:52:46.667008",
  "trained_on_n_rows": 253680,
  "hyperparameters": {
    "n_estimators": 780,
    "early_stopping_rounds": null,
    "max_depth": 6,
    "learning_rate": 0.025498298951423793,
    "subsample": 0.6453996032539314,
    "colsample_bytree": 0.6174535684271815,
    "colsample_bylevel": 0.6511868134825287,
    "min_child_weight": 11,
    "gamma": 1.701286816776035,
    "reg_alpha": 14.68840225116269,
    "reg_lambda": 56.281564378353714,
    "scale_pos_weight": 6.039639221858498,
    "objective": "binary:logistic",
    "eval_metric": "aucpr",
    "tree_method": "hist",
    "booster": "gbtree"
  },
  "decision_threshold": 0.6462939977645874,
  "tuning_cv_score": 0.43905474243701753,
  "test_set_average_precision": 0.42623449016698806,
  "test_set_roc_auc": 0.8280388019227151,
  "features": [
    "HighBP",
    "HighChol",
    "CholCheck",
    "BMI",
    "Smoker",
    "Stroke",
    "HeartDiseaseorAttack",
    "PhysActivity",
    "Fruits",
    "Veggies",
    "HvyAlcoholConsump",
    "AnyHealthcare",
    "NoDocbcCost",
    "GenHlth",
    "MentHlth",
    "PhysHlth",
    "DiffWalk",
    "Sex",
    "Age",
    "Education",
    "Income"
  ],
  "target": "Diabetes_binary",
  "all_models_compared": [
    {
      "model": "xgboost",
      "tuning_cv_score": 0.43905474243701753,
      "test_average_precision": 0.42623449016698806,
      "test_roc_auc": 0.8280388019227151
    },
    {
      "model": "random_forest",
      "tuning_cv_score": 0.4325472088519001,
      "test_average_precision": 0.42041982174742476,
      "test_roc_auc": 0.8252004490718269
    },
    {
      "model": "logistic_regression",
      "tuning_cv_score": 0.4060595440221927,
      "test_average_precision": 0.3926345595095064,
      "test_roc_auc": 0.819641735340059
    }
  ],
  "library_versions": {
    "xgboost": "3.3.0",
    "scikit-learn": "1.9.0"
  }
}